[{"id":"8b012ffa.fee77","type":"tab","label":"HTTP","disabled":false,"info":""},{"id":"70d62377.e8a9fc","type":"inject","z":"8b012ffa.fee77","name":"","topic":"","payload":"Start","payloadType":"str","repeat":"30","crontab":"","once":true,"onceDelay":"30","x":163,"y":156,"wires":[["e9f31f15.eaefc"]]},{"id":"e9f31f15.eaefc","type":"http request","z":"8b012ffa.fee77","name":"","method":"GET","ret":"txt","url":"http://35.202.4.200","tls":"","x":391,"y":159,"wires":[["dcaa8a16.b417a8"]]},{"id":"849a22c7.e1ff6","type":"debug","z":"8b012ffa.fee77","name":"","active":false,"tosidebar":true,"console":false,"tostatus":false,"complete":"payload","x":596,"y":389,"wires":[]},{"id":"dcaa8a16.b417a8","type":"switch","z":"8b012ffa.fee77","name":"Check Status","property":"statusCode","propertyType":"msg","rules":[{"t":"eq","v":"403 ","vt":"str"},{"t":"eq","v":"200","vt":"str"},{"t":"eq","v":"401","vt":"str"},{"t":"gte","v":"500","vt":"num"},{"t":"eq","v":"404","vt":"str"},{"t":"else"}],"checkall":"true","repair":false,"outputs":6,"x":358,"y":298,"wires":[[],[],[],["69fb072f.b8f9b8"],["69fb072f.b8f9b8"],["69fb072f.b8f9b8"]]},{"id":"c09d9cb7.f32b7","type":"mqtt out","z":"8b012ffa.fee77","name":"","topic":"HttpStatus","qos":"0","retain":"false","broker":"8bb904ad.b56f68","x":645,"y":519,"wires":[]},{"id":"d258755c.f6a378","type":"inject","z":"8b012ffa.fee77","name":"","topic":"","payload":"","payloadType":"date","repeat":"","crontab":"","once":false,"onceDelay":0.1,"x":179,"y":532,"wires":[["69fb072f.b8f9b8"]]},{"id":"69fb072f.b8f9b8","type":"function","z":"8b012ffa.fee77","name":"fx","func":"\nmsg.payload = msg.statusCode;\n\nreturn msg;","outputs":1,"noerr":0,"x":429,"y":540,"wires":[["c09d9cb7.f32b7","849a22c7.e1ff6"]]},{"id":"b0ada764.b51bb8","type":"mqtt in","z":"8b012ffa.fee77","name":"","topic":"HttpStatus","qos":"2","broker":"8bb904ad.b56f68","x":181.5,"y":764,"wires":[["7b321eb7.96436","24588c35.dd1e84"]]},{"id":"7b321eb7.96436","type":"function","z":"8b012ffa.fee77","name":"check for error","func":"\nvar currTime = new Date().getTime();\nvar lastErr =  context.global.connErrTime;\n var past30Min = currTime;\nif (lastErr) {\n   \n    past30Min = lastErr + 30*60*1000;\n}\nif (msg.payload == \"ECONNREFUSED\") {\n    \n    var dt = new Date().getTime();\n    if (dt >= past30Min ) \n        return [null, msg];\n           \n    context.global.connErrTime=dt;\n    \n}\n\nreturn [msg, null];","outputs":2,"noerr":0,"x":396.5,"y":762,"wires":[[],["56775684.084fd8"]]},{"id":"56775684.084fd8","type":"function","z":"8b012ffa.fee77","name":"ServiceNow","func":"msg.payload = \"SERVICE NOW TICKET CREATION\";\nreturn msg;","outputs":1,"noerr":0,"x":660.5,"y":689,"wires":[["e29c5973.75b328","39762989.288f16"]]},{"id":"e29c5973.75b328","type":"debug","z":"8b012ffa.fee77","name":"","active":true,"tosidebar":true,"console":false,"tostatus":false,"complete":"payload","x":769,"y":772,"wires":[]},{"id":"39762989.288f16","type":"bigssh","z":"8b012ffa.fee77","name":"ssh","commandLine":"sudo service httpd start","commandArgs":"","minError":1,"minWarning":1,"noStdin":true,"format":"utf8","payloadIsArg":false,"myssh":"264980fd.18b68","x":576,"y":863,"wires":[[],[],[]]},{"id":"24588c35.dd1e84","type":"debug","z":"8b012ffa.fee77","name":"","active":true,"tosidebar":true,"console":false,"tostatus":false,"complete":"payload","x":266,"y":863,"wires":[]},{"id":"8bb904ad.b56f68","type":"mqtt-broker","z":"","name":"CloudMQTT","broker":"m10.cloudmqtt.com","port":"13173","clientid":"","usetls":false,"compatmode":true,"keepalive":"60","cleansession":true,"birthTopic":"HttpStatus","birthQos":"0","birthRetain":"false","birthPayload":"Hello","closeTopic":"HttpStatus","closeQos":"0","closeRetain":"false","closePayload":"Bye","willTopic":"HttpStatus","willQos":"0","willPayload":"disconnected"},{"id":"264980fd.18b68","type":"SSH_Credentials","z":"","host":"35.202.4.200","port":"22","userlabel":"aigts_aws@35.202.4.200"}]